{
  "accuracy": 0.7844183564567769,
  "precision": 0.7761194029850746,
  "recall": 0.789587852494577,
  "f1_score": 0.7827956989247312,
  "confusion_matrix": [
    [
      371,
      105
    ],
    [
      97,
      364
    ]
  ],
  "test_samples": 937,
  "train_date": "2026-02-06 13:20:56"
}