{
  "accuracy": 0.7896440129449838,
  "precision": 0.7716186252771619,
  "recall": 0.7909090909090909,
  "f1_score": 0.7811447811447811,
  "confusion_matrix": [
    [
      384,
      103
    ],
    [
      92,
      348
    ]
  ],
  "test_samples": 927,
  "train_date": "2026-02-18 10:01:08"
}